Model,F1-Score,Precision,Recall
ner_model_v2,0.45394112060778724,0.46862745098039216,0.44014732965009207
PyThaiNLP (ThaiNer),0.08438818565400844,0.17857142857142858,0.055248618784530384
